name,id,image,stylename,life,power,emperor,power189,emperor189,power195,emperor195,power200,emperor200,power208,emperor208,power214,emperor214,power221,emperor221,power263,emperor263,power280,emperor280
曹操,caocao,images/caocao.jpg,孟德,（155年－220年3月15日），字孟德，小名吉利，小字阿瞒，沛国谯县（今安徽亳州）人。东汉末年着名军事家、政治家、文学家和诗人，三国时代曹魏奠基者和主要缔造者。曹操于建安年间权倾天下，在世时官至丞相，爵至魏王，谥号武王。其子曹丕受禅称帝后，追尊其为武皇帝，庙号太祖。,30,1,1.5,1,4,1,14.5,1,38.5,1,41,1,0,1,0,1,0,1
曹丕,caopi,images/caopi.jpg,子桓,（187年－226年6月29日）沛国谯县（今属安徽亳州）人。三国时期曹魏开国皇帝，曹操和卞夫人的嫡长子，之后继承父亲的魏王封号与丞相的大权，最终东汉皇帝汉献帝禅让于其，曹丕登基后改国号为魏，史称曹魏，226年驾崩，谥文皇帝。,15,1,0,1,0,1,0.5,1,8,1,20.5,1,41,1,0,1,0,1
夏侯惇,xiaohoudun,images/xiahoudun.jpg,元让,（？－220年6月13日），字元让，沛国谯县（今属安徽省亳州市）人，曹操的从兄弟。汉朝开国功臣之一夏侯婴的后代。曹魏所有文武中最受曹操信赖之人，官至大将军，封高安乡侯，死后益为忠侯，曹操死后数月跟着去世如忠义追随传为美谈。,10,1,0.8,1,2,1,7,1,19,1,20.5,1,0,1,0,1,0,1
郭嘉,guojia,images/guojia.jpg,奉孝,（170年－207年），潁川阳翟人（今河南省禹州市），初为东汉末年群雄袁绍麾下，后成为曹操麾下重要谋士，任司空府军师祭酒，封有阳亭侯，谥号贞侯。,8,1,0,1,0,1,3,1,0,1,0,1,0,1,0,1,0,1
曹仁,caoren,images/caoren.jpg,子孝,（168年－223年5月6日），沛国谯（今安徽亳州）人，曹操堂弟，三国时期曹魏名将。早年已经结队跟随曹操，常遇状解围，善守能攻；樊城之战中虽被关羽以水围城，但亦能激励将士死守樊城直至徐晃救援，最终合兵击退当时威震华夏的关羽。曹魏建立后，曹仁官至大司马，封陈侯，谥曰忠。,8,1,0.8,1,2,1,3,1,19,1,20.5,1,20.5,1,0,1,0,1
夏侯渊,xiaohouyuan,images/xiahouyuan.jpg,妙才,（？－219年），夏侯惇族弟，沛国谯县（今安徽省亳州市）人。东汉末年名将。随曹操起兵，从征袁绍、韩遂等。建安十七年（212）后，督军屯於长安，平定河西诸羌，其勇名号称“虎步关右，所向无前。”建安二十年（215）拜征西将军，守汉中，后为刘备部将黄忠所击杀，死后追谥为愍侯。用兵擅长轻兵急袭、出敌不意，亦常恃勇无谋亲率轻锐出战，也因此常受曹操劝诫，军中称之为“白地将军”。,4,1,0.8,1,0.8,1,3,1,8,1,8,1,0,1,0,1,0,1
程昱,chengyu,images/chengyu.jpg,仲德,（141年－220年），三国时期兗州东郡东阿（今山东聊城市东阿县）人，三国时魏国将领和政治家。原名程立，因梦中於泰山捧日，被曹操更名程昱。220年逝世，终年八十岁，谥肃侯。,4,1,0,1,0.8,1,3,1,8,1,8,1,0,1,0,1,0,1
荀攸,xunyou,images/xunyou.jpg,公达,（157年－214年），豫州颍川颍阴县（今河南许昌）人，三国时曹魏著名的军事家。荀彧的堂侄，荀攸祖父荀昙，官至广陵太守。荀攸被曹操徵为汝南太守，入为尚书，以功封陵树亭侯。建安十二年，转为中军师。魏国初建，又被封为尚书令；244年，追谥曰敬。,4,1,0,1,0.8,1,3,1,0,1,0,1,0,1,0,1,0,1
于禁,yujin,images/yujin.jpg,文则,（？－221年），泰山巨平（今中国山东省泰安）人。三国时期曹魏重要将领，为将以坚毅而稳重著称，对待部下严厉，对昔日旧友亦不因私忘公，曾泪斩泰山寇昌豨。五子良将中最受曹操器重，早年攻吕布，破袁术，御张绣，拒袁绍、征刘备等，战功赫赫。然而在樊城之战中因遭水灾所困，终率领七军向关羽投降，并以俘虏身份辗转落入东吴手中，晚年受尽屈辱。归魏后遭到魏文帝曹丕以壁画嘲讽投降之事，于禁羞惭怨恨，终病发而亡，逝世后谥曰厉侯。,1,1,0,1,0.3,1,1.5,1,4,1,4,1,0,1,0,1,0,1
乐进,yuejin,images/lejin.jpg,文谦,（？－218年），兖州阳平郡卫国县（今山东省莘县）人，东汉末年曹操重要将领，五子良将中最先跟随曹操。在袁氏讨伐的战役中表现出色，每战都率先到达战场，经常立下战功；逝世后，谥曰威侯。,1,1,0.3,1,0.3,1,0.5,1,4,1,4,1,0,1,0,1,0,1
曹洪,caohong,images/caohong.jpg,子廉,（2世纪－232年），沛国谯（今安徽亳县）人，三国时期曹魏重要将领，曹操堂弟。性格仗义护主，但是个小气吝啬的守财奴。历任扬武中郎将、谏议大夫、卫将军等，封都阳侯。因拒绝借钱给少年时的曹丕，让心胸狭隘的曹丕对他记恨数十年，曹丕即位后将曹洪罗织罪名下狱，卞太后知道此事后胁迫郭皇后向曹丕求情，免去死罪的曹洪仍被削爵贬为庶民。曹丕死后曹叡即位，复曹洪爵位，拜曹洪为后将军，封乐城侯，官至骠骑将军，死后益为恭侯。,1,1,0.3,1,0.8,1,1.5,1,8,1,8,1,0,1,0,1,0,1
曹休,caoxiu,images/caoxiu.jpg,文烈,（2世纪－228年），沛国谯县（今安徽省亳州市）人，魏国的重要将领；曹操的族子，视如已出。汉中之战曾破张飞、吴兰等人计谋。官至大司马，曹休死后谥壮。,8,1,0,1,0,1,0,1,0,1,1,1,4,1,0,1,0,1
曹真,caozhen,images/caozhen.jpg,子丹,（2世纪－231年），汉末三国时代曹魏名将，曹操的族子，也是曹丕的托孤对象。当初其父为曹操招募兵马被杀，曹操怜悯曹真而特别厚待。在曹魏的表现出众，多次抵御诸葛亮北伐，官至大将军、大司马，曹真死后谥为元侯。,8,1,0,1,0,1,0,1,0,1,1,1,4,1,0,1,0,1
邓艾,dengai,images/dengai.jpg,士载,（195年－264年），义阳棘阳（今河南新野）人，三国时曹魏后期名将。本名邓范，字士则，后因与同乡人同名而改名。邓艾多年在曹魏西边战线防备蜀汉姜维，后来偷渡阴平，逼使蜀帝刘禅投降，建立灭蜀奇功，获封太尉。可是战后被钟会联合监军卫瓘诬陷，邓艾帐下军官打算营救邓艾，唯卫瓘怕受邓艾报复，便遣田续先行杀死邓艾，其子邓忠亦同殉此难。,4,1,0,1,0,1,0,1,0,1,0,1,0,1,24,1,0,1
钟会,zhonghui,images/zhonghui.jpg,士季,（225年－264年3月3日），颍川郡长社县（今中国河南省长葛东部）人，三国时期曹魏大臣，官至司徒。曹魏太傅钟繇的幼子、异母兄钟毓也在曹魏官至后将军。是灭亡蜀汉的曹魏将领之一，同时也有玄学家、书法家的一面。入蜀后和姜维联手发动叛变，最后死于乱军之中。,4,1,0,1,0,1,0,1,0,1,0,1,0,1,24,1,0,1
陈宫,chengong,images/chengong.jpg,公台,（？－199年2月7日），兗州东郡武阳县（位於山东省与河南省之间）人，刚直烈壮，年少与海内知名之士皆连结。东汉末年天下大乱，为曹操的麾下，后叛投到吕布帐下。为吕布出谋献策。吕布死亡后，拒绝向曹操投降，而被曹操挥泪斩首。,1,14,0.3,1,0.5,14,0,14,0,14,0,14,0,14,0,14,0,14
胡烈,hulie,images/hulie.jpg,玄武,（220年－270年7月9日），安定临泾人。魏车骑将军胡遵之子，胡奋之弟，胡渊之父。,1,1,0,1,0,1,0,1,0,1,0,1,0,1,9.5,1,0,1
贾充,jiachong,images/jiachong.jpg,公闾,（217年－282年5月19日），平阳郡襄陵县（今山西襄汾县）人，曹魏豫州刺史贾逵之子，是三国时代仕于魏国和西晋的大臣。西晋建国功臣，司马昭和司马炎的心腹，其女儿贾褒及贾南风分别嫁予司马炎弟司马攸及儿子司马衷，与皇室结为姻亲，地位显赫，谥号武公。,8,15,0,1,0,1,0,1,0,1,0,1,0,1,24,1,39,15
文鸯,wenyuan,images/wenyuan.jpg,次骞,（238年－291年4月23日），字次骞，本名文俶，鸯是小名，沛国谯县人，魏末晋初名将，历仕魏、吴、晋势力。初时随父文钦反叛司马氏当权下的魏国，后兵败与父和弟投奔东吴。文钦在诸葛诞叛乱中，与诸葛诞意见分歧而被杀，文鸯因而投降返回魏。晋时期大破鲜卑、羯有功，291年被东安王司马繇诬害，在八王之乱中被夷灭三族。,1,15,0,1,0,1,0,1,0,1,0,1,0,1,2,1,4,15
羊祜,yanghu,images/yanghu.jpg,叔子,（221年－278年12月27日），字叔子，泰山郡南城县（今山东省新泰市）人。曹魏晚期与西晋早期军事家、政治家、文学家，一代名将。羊祜出身泰山名门望族羊氏家族，家族人才辈出，东汉名臣蔡邕为其外祖父，世代皆有人在朝为官。他的祖父羊续曾任南阳太守，父亲羊衜曾任上党太守；其胞姊羊徽瑜为晋景帝司马师的皇后。,10,15,0,1,0,1,0,1,0,1,0,1,0,1,5,1,0,15
杜预,duyu,images/duyu.jpg,元凯,（222年－285年），京兆郡杜陵县（今陕西省西安市）人，曹魏末与西晋前期政治家、军事家、学者。以破竹之势一举歼灭东吴，帮助西晋完成统一的工作。出于京兆杜氏，西汉御史大夫杜延年十一世孙，亦是襄阳杜氏先祖。,4,15,0,1,0,1,0,1,0,1,0,1,0,1,5,1,15.5,15
王濬,wangxun,images/wangxun.jpg,士治,（206年－286年1月28日），小字阿童。弘农郡湖县（今河南灵宝西）人。晋灭吴主要功臣之一。,1,15,0,1,0,1,0,1,0,1,0,1,0,1,5,1,8,15
王浑,wanghun,images/wanghun.jpg,玄冲,（223年－297年），太原晋阳人，三国时曹魏及西晋时期将领，曹魏司空王昶之子。曾参与攻灭东吴的战争，协助西晋统一中国。王浑在西晋官至司徒。,1,15,0,1,0,1,0,1,0,1,0,1,0,1,5,1,8,15
胡奋,hufen,images/hufen.jpg,玄威,（?－288年），安定郡临泾人。魏晋三国时期晋国武将。车骑将军胡遵的儿子，胡烈之兄。,1,15,0,1,0,1,0,1,0,1,0,1,0,1,9.5,1,8,15
司马懿,simayi,images/simayi.jpg,仲达,（179年－251年9月7日），河内郡温县（今河南省焦作市温县）人，三国时期魏国权臣、政治家、军事家。曾抵御蜀汉丞相诸葛亮的北伐军，坚守疆土。历经曹操、曹丕、曹睿、曹芳四代君主，晚年发动高平陵之变，夺取曹魏的政权。嘉平三年（251年），魏朝谥舞阳宣文侯；次子司马昭称晋王后，追尊谥为晋宣王；孙司马炎称帝后，追尊为高祖宣皇帝，故也称晋高祖、晋宣帝。,15,15,0,1,0,1,0,1,2,1,2,1,4,1,0,1,0,1
司马昭,simazhao,images/simazhao.jpg,子让,（211年－265年9月6日），字子上（小说《三国演义》为子尚），河内郡温县（今河南省温县）人。司马懿与张春华的次子，司马师之弟，西晋开国皇帝司马炎之父，曹魏后期著名政治家和军事家。司马昭继承其兄权位，消灭蜀汉，掌握曹魏。灭蜀后一年逝世，其子司马炎逼曹奂禅让后称帝，追司马昭为太祖文皇帝。,15,15,0,1,0,1,0,1,0,1,0,1,0.3,1,48,1,0,1
司马炎,simayan,images/simayan.jpg,安世,（236年－290年5月16日），河内郡温县（今河南省焦作市温县）人，曹魏权臣司马昭长子，晋朝开国皇帝，谥号武皇帝，在位二十五年。,30,15,0,1,0,1,0,1,0,1,0,1,0,1,9.5,1,78,15
曹奂,caohuan,images/caohuan.jpg,景明,（246年－302年），魏元帝曹奂，字景明，是曹魏最后一个皇帝，260年到266年在位。,15,1,0,1,0,1,0,1,0,1,0,1,0,1,5,1,0,1
刘备,liubei,images/liubei.jpg,玄德,（161年7月16日－223年6月10日），幽州涿郡涿县（今河北省涿州市），人亦称汉先主，三国时代蜀汉第一位皇帝，谥号昭烈皇帝，三国志、华阳国志等称为先主 ，继其帝位的刘禅则被称为「后主」，资治通鉴称刘备父子为汉主。刘备虽为汉景帝后代，但世系久远，实由布衣起步而终得一方天下。,20,2,0.8,2,4,2,1,2,2,2,6,2,9,2,0,2,0,2
刘禅,liuchan,images/liuchan.jpg,公嗣,（207年－271年），蜀汉昭烈帝刘备之子，蜀汉最后一位皇帝，史学家称蜀汉后主，223年—263年在位，历时四十一年，是三国在位最长之皇帝。,15,2,0,2,0,2,0,2,0,2,0,2,0.3,2,0,1,0,1
关羽,guanyu,images/guanyu.jpg,云长,（约160年－220年），司隶河东解人（今山西省运城市），约生於东汉桓帝延熹年间，汉末三国时刘备的主要亲信和将领。与张飞并称“万人敌”。建安四年（199年），受封汉寿亭侯。赤壁之战后，刘备助东吴周瑜攻打南郡曹仁，遣关羽绝北道，阻挡曹操援军，曹仁退走。后来刘备入益州，关羽留守荆州。建安二十四年（219年），关羽围襄樊二城，曹操派于禁前来增援，关羽擒获于禁，斩杀庞德，曹操一度想迁许都以避其锐。后曹派徐晃前来增援，而东吴背盟，遣陆逊、吕蒙偷袭荆州，关羽腹背受敌，兵败被杀。景耀三年（260年），蜀汉后主刘禅追益壮缪侯。,10,2,0.4,2,2,2,0.5,2,1,2,3,2,0,2,0,2,0,2
张飞,zhangfei,images/zhangfei.jpg,翼德,（？－221年），东汉末年幽州涿郡（今河北省保定市涿州市）人氏，三国时期蜀汉名将，与关羽并称“万人敌”。官至车骑将军、领司隶校尉，封西乡侯，后遇刺身亡，蜀汉追谥桓侯，是为西乡桓侯。元朝加封为武义忠显英烈灵惠助顺王。,10,2,0.4,2,2,2,0.5,2,1,2,3,2,4.5,2,0,2,0,2
诸葛亮,zhugeliang,images/zhugeliang.jpg,孔明,（181年－234年10月8日），东汉末年徐州琅琊阳都（今山东省临沂市沂南县）人。三国蜀汉（季汉）丞相，是中国历史上著名的政治家、军事家、发明家、及散文家。隐居隆中，自比管仲、乐毅，人称「卧龙」。刘备三顾始见之，为备画据荆益、联孙权、拒曹操之策，佐备取荆州，定益州，遂与魏、吴成鼎足之势。曹丕代汉，备称帝於成都，以亮为丞相。备死，亮辅后主刘禅，以丞相封武乡侯，兼领益州牧。整官制，修法度，志复中原。屡次北伐，与魏相攻战。建兴十二年卒於五丈原军中，年五十四，益为忠武侯。,10,2,0,2,0,2,0,2,1,2,3,2,4.5,2,0,2,0,2
糜竺,mizhu,images/mizhu.jpg,子仲,（2世纪－221年），徐州东海朐（今江苏省连云港市）人，三国时期蜀汉官吏，在世时是蜀汉待遇最高的臣子。,4,2,0,2,2,2,0.5,2,0.5,2,1.2,2,2,2,0,2,0,2
魏延,weiyan,images/weiyan.jpg,文长,（2世纪－234年），荆州义阳郡人，三国时期蜀汉中期重要将领，作战英勇、并有将略、屡立战功，深得蜀主刘备信任、丞相诸葛亮重用。於诸葛亮北伐时期出任前军师，参与北伐时前线战事之决策。,2,2,0,2,0,2,0,2,0,2,1,2,4.5,2,0,2,0,2
庞统,pangtong,images/pangtong.jpg,士元,（179年－214年），东汉末年襄阳郡襄阳县人。地方上称其「凤雏」，与「卧龙」诸葛亮师出同门与齐名。当时俗语有云：「卧龙，凤雏，二者得一，可安天下。」被南郡太守周瑜任为功曹，后成为刘备重臣谋士，协助刘备征伐天府之国的四川之地巴蜀，在攻打首都成都附近重要据点支城雒城时，由于刘备借了马给他，导致被敌军误会为刘备，牺牲中箭身亡，享年36岁。陈寿誉其可比拟为魏国的荀彧和荀攸。历任耒阳令、治中从事，官至军师中郎将；死后由后主刘禅追封为关内侯，追谥为靖侯。,2,2,0,3,0,3,0,3,0.3,3,0,2,0,2,0,2,0,3
孙权,sunquan,images/sunquan.jpg,仲谋,（182年12月22日－252年5月21日），吴郡富春（今浙江省杭州市富阳区）人，东汉末三国时期孙吴的著名政治家、战略家，同时也是孙吴的缔造者及建国皇帝。而在孙权称帝之前，吴的群臣等对其称呼为将军或至尊。在位23年，享年69岁，谥号为大皇帝，庙号太祖。,20,3,0.1,3,0.1,3,4,3,4,3,10,3,10,3,0,3,0,3
孙坚,sunjian,images/sunjian.jpg,文台,（155年－191年），吴郡富春县（今浙江省杭州市富阳区）人，东汉末年军阀诸侯将领，是孙吴奠基者孙策和建国者孙权的父亲，汉破虏将军、封乌程侯、领豫州刺史、长沙太守。在讨伐董卓期间担任先锋建立许多战功，诸如斩杀华雄、击败吕布、率先进入洛阳、董卓被迫求和等事迹。进入洛阳后修复洛阳皇陵宫庭。史载其“容貌不凡，性阔达，好奇节”。其次子孙权称帝后，追尊为武烈皇帝。,15,3,2,3,0,3,0,3,0,3,0,3,0,3,0,3,0,3
孙策,sunquan,images/sunce.jpg,伯符,（175年7月－200年5月5日），吴郡富春（今浙江杭州富阳）人，孙策是长沙太守孙坚的长子、吴大帝孙权的长兄，是孙吴的开拓者和奠基者。在群雄割据时期，曾待过袁术旗下，后向袁术讨回父亲孙坚旧部等将一千余人，先后扫荡江东军阀诸侯势力，短短三四年间平定吴越、江东一带。其后因讨伐袁术有功，建安三年（198年）由司空曹操表奏朝廷命其官位予孙策为讨逆将军，并加封爵位为吴侯。建安五年（200年），孙策遇刺身亡，死前选择二弟孙权继承基业与权力。黄龙元年（229年），孙权登基称帝后，追谥其为长沙桓王。,15,3,0.4,3,1.5,3,0,3,0,3,0,3,0,3,0,3,0,3
孙休,sunxiu,images/sunxiu.jpg,子烈,（235年－264年9月3日），吴景帝，为孙权第六子，在父亲孙权、弟孙亮后继任为吴国第三任皇帝，在位六年。,15,3,0,3,0,3,0,3,0,3,0,3,0,3,15,3,0,3
孙皓,sunhao,images/sunhao.jpg,元宗,（243年－284年），幼名彭祖，又字皓宗，《三国志》原名为孙皓。为废太子孙和之子，吴大帝孙权之孙，在位十七年（264年—280年），是三国时期孙吴的第四位，同时也是最后一位皇帝。,15,3,0,3,0,3,0,3,0,3,0,3,0,3,1,3,0,15
周瑜,zhouyu,images/zhouyu.jpg,公瑾,（175年－210年），庐江舒县（今安徽省舒城县）人，东汉末年孙权阵营重要的统帅，也是杰出优秀的军事家、战术家、战略家、政治家。建安十三年（208年），他所指挥的赤壁之战，是中国史上著名以少胜多的战役，直接决定三国时代魏蜀吴三国鼎足而立。战后两年，他在準备征伐四川、巴蜀途中身染重病，不久於巴丘病逝，年仅三十六岁。与鲁肃、吕蒙和陆逊合称四大都督。,10,3,0,3,0.8,3,2,3,2,3,0,3,0,3,0,3,0,3
陆逊,luxun,images/luxun.jpg,伯言,（183年－245年3月19日），吴郡吴县（今江苏省苏州市）人，是三国时代吴国著名的军事家、政治家，负责统领吴国军事和政治多年，并同时掌管民事，辅佐太子等。历任吴国大都督、上大将军、丞相。62岁去世，葬于苏州，追益昭侯。,10,3,0,3,0,3,0,3,0.5,3,2,3,6,3,0,3,0,3
陆抗,lukang,images/lukang.jpg,幼节,（226年－274年），陆逊次子，吴郡吴县（今江苏省苏州市）人，中国三国时孙吴后期名将，官至大司马、荆州牧。,8,3,0,3,0,3,0,3,0,3,0,3,0,3,3,3,0,3
张昭,zhangzhao,images/zhangzhao.jpg,子布,（156年－236年），徐州彭城（今江苏省徐州市）人，东汉末年东吴名臣；享年八十一岁，死后谥曰文侯。,8,3,0,3,0.3,3,2,3,2,3,2,3,6,3,0,3,0,3
程普,chengpu,images/chengpu.jpg,德谋,（？－210年），幽州右北平土垠（今河北丰润东）人。东汉末年孙坚麾下的武将，历仕孙坚、孙策、孙权三任主公。他曾跟随孙坚讨伐过黄巾、董卓，又助孙策平定江东。孙策死后，他与张昭等人共同辅佐孙权，并讨伐江东境内的山贼，功勋卓著。建安十三年（208年），赤壁之战时担任右都督一职与左都督周瑜共同抵御曹军，程普在东吴诸将中年岁最长，被人们尊称为“程公”。,4,3,1,3,0.8,3,2,3,2,3,0,3,0,3,0,3,0,3
鲁肃,lusu,images/lusu.jpg,子敬,（172年－217年），临淮郡东城县（今安徽省定远县）人，东汉末年东吴著名的将领、战略家、外交家、政治家，为孙权策划未来战略蓝图榻上策，在周瑜去世后接替其职务。,4,3,0,3,0,3,1,3,1,3,5,3,0,3,0,3,0,3
吕蒙,lvmeng,images/lvmeng.jpg,子明,（178年－220年），汝南富陂（今安徽阜南东南）人，东汉末年孙权麾下的名将。由於为虎威将军，故亦称吕虎威。吕蒙出身贫苦，年少时未曾受过教育，便从军打仗，后来受到孙策的赏识、孙权的提拔。吕蒙一方面靠著自身武勇屡建战功，另一方面篤学不倦，枕籍经史，逐渐蜕变成长为一位拥有出色战略眼光，且颇有国士之风的智勇兼备的将才。鲁肃病逝后接掌前线军务并担任孙吴势力的军督。其功绩是多次成功抵挡曹操的南征，以及运用心理战瓦解刘备势力，白衣渡江兵不血刃解除敌人防卫，并且击败关羽夺取荆州领土南郡、零陵、武陵。,4,3,0,3,0.3,3,0.5,3,1,3,5,3,0,3,0,3,0,3
丁奉,dingfeng,images/dingfeng.jpg,承渊,（？－271年），扬州庐江安丰（今河南固始）人，三国时期孙权麾下后期重要将领；是江东十二虎臣之一。侍奉吴国四代君王孙权、孙亮、孙休、孙皓的四朝元老、重臣。年轻时做小将，多次跟随其他将领征伐，经常勇冠三军，斩将夺旗，曾属於甘宁、陆逊、潘璋等人的帐下副将，骁勇且有计谋；后期官职升迁越来越高，成为东吴势力中流砥柱，於解救寿春、诛杀佞臣孙綝等事件中使孙吴内乱纷争逐渐转危为安，屡有建树。,4,3,0,3,0,3,0,3,0.5,3,1,3,2.5,3,7.5,3,0,3
张布,zhangbu,images/zhangbu.jpg,,（?－264年），三国末年东吴大臣，历任破贼将军、征西将军，官至卫将军，历仕吴景帝孙休、吴末帝孙皓，后被孙皓所杀。,0,3,0,3,0,3,0,3,0,3,0,3,0,3,3,3,0,3
濮阳兴,puyangxing,images/puyangxing.jpg,子元,（3世纪－264年），字子元，兖州陈留郡外黄（今河南省民权县西北）人，三国时期孙吴丞相。,0,3,0,3,0,3,0,3,0,3,0,3,1,3,7.5,3,0,3
黄盖,huanggai,images/huanggai.jpg,公覆,（生卒年不详），荆州零陵泉陵（今湖南永州）人。东汉末年孙坚麾下的武将，历仕孙坚、孙策、孙权三任主公。建安十三年（208年），赤壁之战时，黄盖前往曹营诈降，并趁机以火攻大破曹操的军队，是赤壁之战主要功臣之一。,2,3,1,3,0.3,3,1,3,1,3,2,3,0,3,0,3,0,3
韩当,handang,images/handang.jpg,义公,（？－226年），幽州辽西（今河北迁安）人，东汉末年孙坚麾下的武将，历仕孙坚、孙策、孙权三任主公。韩当因为擅于弓箭、骑术并且旅力过人而被孙坚赏识，追随他四处征伐周旋，数次冒险犯难，攻陷敌人、擒拿俘虏。对江东基业的逐渐稳固和吴国的建立有着重要影响。官至昭武将军、冠军太守，加都督称号，封爵石城侯。黄武五年（226年）卒。,1,3,1,3,0.3,3,1,3,1,3,2,3,0,3,0,3,0,3
周泰,zhoutai,images/zhoutai.jpg,幼平,（？－222～229年），扬州九江下蔡（今安徽凤台）人。东汉末年孙策麾下的武将，孙策平定江东时与同郡蒋钦一起加入孙策军，随孙策左右，孙权爱其为人，向孙策请求让周泰跟随自己。周泰多次于战乱当中保护孙权的安危，身上受的伤多达十几处，就像在皮肤上雕画一样，吴将朱然、徐盛等因此对其拜服。后来孙权为了表彰周泰为了东吴出生入死的功绩，而赐给他御幘青縑盖。官至汉中太守、奋威将军，封陵阳侯。死于黄武年间。,1,3,0,3,0.3,3,1,3,1,3,2,3,2.5,3,0,3,0,3
徐盛,xusheng,images/xusheng.jpg,文向,（？－？）徐州琅邪莒县（今山东莒县）人，三国时代东吴重要武将；是江东十二虎臣之一。以少胜多而闻名，多次防御曹魏大军进攻，封芜湖侯。,1,3,0,3,0,3,0.5,3,0.3,3,1,3,1,3,0,3,0,3
朱然,zhuran,images/zhuran.jpg,义封,（182年－249年），字义封，本名施然，扬州丹阳郡故鄣（今浙江安吉）人。三国时期东吴重要将领，也是主君孙权年少的学友，官至左大司马、右军师、当阳侯。,4,3,0,3,0,3,0.5,3,0.5,3,2,3,2.5,3,0,3,0,3
吕范,lvfan,images/lvfan.jpg,子衡,（？－228年），汝南细阳人，是三国时期东吴的重要将领和政治家，官至大司马。,4,3,0,3,0.3,3,1,3,1,3,2,3,6,3,0,3,0,3
潘璋,panzhang,images/panzhang.jpg,文珪,（2世纪－234年），兖州东郡发干县（今山东省聊城市冠县东）人，三国时期孙权麾下将领；是江东十二虎臣之一。潘璋在合肥战役、追擒关羽、夷陵之战、江陵保卫战中多次立下战功。,1,3,0,3,0,3,0.5,3,0.3,3,1,3,2.5,3,0,3,0,3
全琮,quancong,images/quancong.jpg,子璜,（198年－247年或249年），吴郡钱唐县（今浙江省杭州市西）人，三国时东吴的重要将领，为人谦恭而有谋，常以国家为重。妻子虽是孙权的长女孙鲁班，但仍能谦虚接士，毫不骄恣。先后拜封为阳华亭侯和钱塘侯，官至右大司马、左军师。,4,3,0,3,0,3,0.5,3,0.3,3,1,3,2.5,3,0,3,0,3
施绩,shiji,images/shiji.jpg,公绪,（3世纪－270年），最初随养祖父为朱姓，三国时期东吴重要将领。,1,3,0,3,0,3,0,3,0,3,0,3,0,3,7.5,3,0,3
留平,liuping,images/liuping.jpg,,（？－272年），扬州会稽长山人。父亲为东吴将领留赞，留略之弟。,1,3,0,3,0,3,0,3,0,3,0,3,0,3,3,3,0,3
陆凯,lukai,images/lukai.jpg,敬风,（198年－269年），吴郡吴县（今江苏省苏州市）人，陆逊族子。三国时孙吴后期重臣，官至左丞相。,1,3,0,3,0,3,0,3,0,3,0,3,0.5,3,3,3,0,3
荀彧,xunyu,images/xunyu.jpg,文若,（163年－212年），潁川郡潁阴县（今河南许昌）人，东汉末年曹操帐下首席谋臣，曹操称赞「吾之子房」。因其任尚书令，居中持重达十数年，被敬称为「荀令君」；官至汉侍中，守尚书令，魏廷追赠为太尉，谥曰敬侯。,10,1,0,4,2,1,7,1,19,1,0,1,0,1,0,1,0,1
袁绍,yuanshao,images/yuanshao.jpg,本初,（154年－202年6月28日），汝南郡汝阳县（今河南省商水县）人。为东汉末年割据势力之一，曾带兵进宫诛杀十常侍，后被各路诸侯推举为盟主讨伐董卓。极盛时期据有冀州、幽州、并州、青州等河朔四州，官至东汉大将军，时为东汉末年最强的诸侯，於易京之战击败公孙瓒后，势力更是达到巅峰，但在官渡之战惨败给曹操，实力大幅削弱，接著仓亭之战再败给曹军，不久便病逝。,15,4,2,4,6,4,10,4,0,1,0,4,0,4,0,4,0,4
袁谭,yuantan,images/yuantan.jpg,显思,（？－205年），汝南郡汝阳县（今河南省商水县）人。东汉末军阀袁绍的长子，是袁熙、袁尚同父异母的兄长，为人性刚好杀。,10,4,0,4,0.6,4,5,4,0,1,0,4,0,4,0,4,0,4
袁尚,yuanshang,images/yuanshang.jpg,显甫,（？－207年），东汉末年人物，袁绍之第三子，是袁谭的同父异母之弟，袁熙同母弟。,10,4,0,4,0.6,4,2,4,0,4,0,4,0,4,0,4,0,4
袁熙,yuanxi,images/yuanxi.jpg,显奕,（？－207年），《后汉书》作显雍，东汉末年人物，袁绍次子，是袁谭同父异母之弟，袁尚同母兄长。,8,4,0,4,0.6,4,5,4,0,4,0,4,0,4,0,4,0,4
高干,gaogan,images/gaogan.jpg,元才,（2世纪？－206年），东汉末年军事人物，陈留圉县（今杞县圉镇）人，曾任并州刺史。出身陈留高氏，祖父和父亲二代都任官。,8,4,0,4,1.2,4,5,4,0,4,0,4,0,4,0,4,0,4
颜良,yanliang,images/yanliang.jpg,文恒,（？－200年），东汉末期河北名将，徐州琅邪临沂（今山东省临沂县）人。早年已跟随袁绍东征西讨，屡立战功，因此深受其信任，与文丑同为袁绍麾下大将，后於白马之战中被曹军击败并被关羽斩杀。,8,4,1,4,3,4,0,4,0,1,0,4,0,4,0,4,0,4
文丑,wenchou,images/wenchou.jpg,不俊,（？－200年），袁绍手下之名将，与顏良齐名。建安五年（公元200年），顏良战死后，与刘备共同攻击曹军，却兵败被乱军围攻所杀，死於延津之战。晋朝以后的野史多认为文丑与顏良同为关羽所杀。,8,4,1,4,3,4,0,4,0,4,0,4,0,4,0,4,0,4
淳于琼,chunyuqiong,images/chunyuqiong.jpg,仲简,（146年－200年），颍川人。汉朝末期政治人物。为袁绍大将，与张郃、高览齐名。在官渡之战时镇守乌巢，遭到曹操的偷袭而惨败，自己也被曹操处斩。,1,4,0,4,0.6,4,2,4,0,1,0,4,0,4,0,4,0,4
许攸,xuyou,images/xuyou.jpg,子远,（2世纪－204年），东汉末年初为袁绍早期的谋士，也是曹操在官渡之战中发生转折的人物。许攸年轻时与袁绍、曹操相友善，后来成为袁绍的谋士，多次为袁绍出谋划策均不被听从，深感不满。官渡之战之际，许攸贪财，绍不能足而投奔曹操；官渡胜利后，自持功高而触怒曹操，后被告发而被杀。,1,4,0.4,4,0.6,4,1,4,0,1,0,4,0,4,0,4,0,4
赵云,zhaoyun,images/zhaoyun.jpg,子龙,（2世纪－229年），是中国三国时期的蜀汉武将，生于常山真定（今河北省正定县)，身高八尺，姿颜雄伟。初从公孙瓒，后归刘备、刘禅。历任牙门将军，偏将军、领桂阳太守，翊军将军，领中护军、征南将军，封永昌亭侯，镇东将军。箕谷失利后自请贬为镇军将军。故后追谥曰顺平侯，是为永昌亭顺平侯。,2,2,0.4,4,0.5,10,0.5,2,0.5,2,1,2,1.5,2,0,2,0,2
逢纪,fengji,images/fengji.jpg,元图,（？－202年9月），东汉末南阳郡人。,1,4,1,4,1.2,4,5,4,0,1,0,4,0,4,0,4,0,4
马岱,madai,images/madai.jpg,,（183年－?），司隶右扶风茂陵人，中国三国蜀汉重要将领，马腾的侄辈，马超的堂弟，官至蜀汉平北将军，封陈仓侯。,1,2,0,5,0,5,0.5,5,2,5,0.5,2,1.5,2,0,2,0,2
庞德,pangde,images/pangde.jpg,令明,（2世纪－219年），凉州南安狟道（今甘肃省天水市武山县四门镇）人；东汉末年名将，武艺出众、胆烈过人，原属马超父子，后于建安二十年（215年）随张鲁归顺曹操。官至立义将军、关门亭侯，死后曹丕谥号曰壮候。,1,1,1,5,1.5,5,1.5,5,2,5,0.5,9,0,1,0,1,0,1
马超,machao,images/machao.jpg,孟起,（176年－222年），扶风茂陵（今陕西省兴平东北）人，汉末三国时期蜀汉著名将领。刘备称帝后任骠骑将军，领凉州牧，进封斄乡侯。故后益威侯，是为斄乡威侯。,8,2,1,5,1.5,5,1.5,5,4,5,3,2,3.5,2,0,2,0,2
马腾,mateng,images/mateng.jpg,寿成,（2世纪－212年），中国东汉末年之武将，是东汉初名将马援之后人，父亲马平任兰干县尉，后因失官而留在陇西。马腾的父亲马平是光棍，家里穷没有老婆，只能跟羌人女性结婚生下马腾，所以马腾母系是羌人。马腾是蜀汉武将马超之父，此外还有马休与马铁二子。,10,5,1.5,5,3,5,3,5,0,5,0,5,0,5,0,5,0,5
韩遂,hansui,images/hansui.jpg,文约,（2世纪－215年），金城郡人，东汉末年凉州地区的割据军阀之一。,10,5,1.5,5,3,5,3,5,4,5,3,5,0,5,0,5,0,5
甘宁,ganning,images/ganning.jpg,兴霸,（？－215年），益州巴郡临江（今重庆市忠县）人，是东汉末年三国时期东吴的著名将领，曾经历仕於刘表和黄祖麾下不被重用，转投孙权麾下受到周瑜、吕蒙的推举。其功勋主要在曹魏的战役中表现显赫，孙权曾称赞道：“孟德有张辽，孤有兴霸，足可敌矣。”亦协助鲁肃与吕蒙对抗关羽令其忌惮甘宁；是江东十二虎臣之一。,4,3,0,6,0.5,6,0.5,6,0.5,3,2,3,0,3,0,3,0,3
蔡瑁,caimao,images/caimao.jpg,德珪,（？－？），襄阳蔡州（今湖北襄阳）人。东汉末年荆州名族。协助刘表平定荆州，仕奉刘表期间，历任江夏、南郡、章陵等诸郡太守，刘表获得汉廷封赐镇南将军时担任其军师。刘表病亡后，拥护刘琮继位，在公元208年曹操挥军入荆州时，与蒯越共同迫刘琮降伏曹操，尔后仕入曹操麾下，历任从事中郎、司马、长水校尉，封爵为汉阳亭侯。,1,6,0,6,2,6,2,6,0,1,0,1,0,1,0,1,0,1
蒯良,kuailiang,images/kuailiang.jpg,子柔,（？－214年），东汉末年荆州南郡中庐人，荆州牧刘表麾下的重要谋士，被刘表誉为「雍季之论」,1,6,0,6,2,6,2,6,0,1,0,1,0,1,0,1,0,1
蒯越,kuaiyue,images/kuaiyue.jpg,异度,（？－？），东汉末年荆州南郡中庐人，蒯良之弟。为人足智多谋，魁杰并有雄姿。是荆州牧刘表的重要谋士，被刘表誉为“臼犯之谋”。,1,6,0,6,2,6,2,6,0,1,0,1,0,1,0,1,0,1
黄祖,huangzu,images/huangzu.jpg,,（？－208年），东汉末年荆州牧刘表之宿将，曾为铁匠，终任江夏郡太守。相对於主张拥护刘棕及倾曹操路线政策的蔡瑁、蒯越为首的士族派系，是少数主张拥护长子刘琦且尚能与倾曹派士族抗衡的人。,1,6,0,6,2,6,2,6,0,6,0,6,0,6,0,6,0,6
李严,liyan,images/liyan.jpg,正方,（？－234年），三国时期荆州南阳郡（治今河南省南阳市）人，蜀汉重臣，以才干著称。诸葛亮同为刘备临终前的托孤大臣。后来行事苟利其身，无忧国之事，终被诸葛亮上奏弹核，拔兵权、贬为庶民。在诸葛亮病逝后，认为自己不会再被起用而忧虑。最后在234年病逝。,1,1,0,6,0.5,6,0.5,6,0.5,8,0.5,2,1.5,2,0,2,0,2
黄忠,huangzhong,images/huangzhong.jpg,汉升,（？－220年8月），荆州南阳郡（今河南省南阳市）人，三国时蜀汉的著名将领。本为汉末群雄刘表部下中郎将，长沙太守韩玄部将，后成为刘备部将，历任讨虏将军、征西将军，官至后将军，去世后谥号为刚侯。,4,2,0,6,1,6,1,6,1,1,1,2,0,2,0,2,0,2
张辽,zhangliao,images/zhangliao.jpg,文远,（170年前后－222年），并州雁门郡马邑县（今中国山西省朔州市朔城区大夫庄）人，原为西汉聂壹后人，因避怨而改姓。三国时期曹魏名将，五子良将之首；官至前将军，谥为刚侯。活跃於东汉末年，曾跟随丁原、董卓、吕布等军阀，后随曹操。公元215年，与李典、乐进以少量兵马驻守合肥城，面对东吴孙权亲征大军，以寡胜众，令孙权无功而返，甚至几乎擒住孙权。,8,1,0.5,7,0.5,14,0.5,1,4,1,4,1,8,1,0,1,0,1
贾诩,jiaxu,images/jiaxu.jpg,文和,（147年－223年8月11日），字文和，武威郡姑臧（今甘肃武威）人也。凉州系的代表人物，东汉末年至三国初年著名谋士、军事战略家，曹魏开国功臣，后官拜大魏太尉，位列三公之首，魏文帝之帝师，死后配享魏文帝庙。,8,1,0.5,7,2.5,7,0.5,1,4,1,4,1,20.5,1,0,1,0,1
徐晃,xuhuang,images/xuhuang.jpg,公明,（2世纪－227年），三国时期河东郡杨县（今中国山西省洪洞县东南）人，三国时期曹魏著名将领，五子良将之一。曾经多次建功，及后以声东击西的战术击退围城部队，并且解救樊城，击败蜀汉名将关羽，因为在此役中治军严整井然有序而被曹操称赞有“周亚夫之风”。曹丕称帝后，徐晃被加为右将军，于227年病逝，益曰壮侯。,1,1,0.5,7,0,1,0.5,1,2,1,2,1,8,1,0,1,0,1
刘表,liubiao,images/liubiao.jpg,景升,"（142年－208年），山阳郡高平县（今山东省邹城市）人，是西汉鲁恭王刘余之子 lk,,.k,,,刘骄的九代孙。刘表身长八尺余(约1.86米)，姿貌温厚伟壮，个性优柔寡断，但有儒者风范。他是东汉末期的一个割据军阀，领有荆楚数千里之地，并先后由汉廷授封官衔「荆州刺史」和「镇南将军、荆州牧、封成武侯、假节」。也是汉末的党锢名士之一。",10,6,0,7,4,6,4,6,0,6,0,6,0,6,0,6,0,6
董卓,dongzhuo,images/dongzhuo.jpg,仲颖,（？－192年5月22日），凉州陇西临桃（今甘肃岷县）人，东汉与羌的战争中掘起的汉军将领。受汉大将军何进调令进军东汉首都洛阳，在汉灵帝与何进同时死亡的情况下利用手中军队独霸汉廷。之后废汉少帝刘辩为弘农王，立陈留王刘协拥立为帝，并自封为太尉、相国，引致董卓讨伐战。最终被王允、吕布设计诛杀，死后部下李傕和郭记两人为了把持朝政互相火拼，皇帝与朝廷流离失所，各地州牧、刺史、太守占据属地完全脱离中央控制，开启东汉末年以至三国时代。,15,7,7,7,0,7,0,7,0,7,0,7,0,7,0,7,0,7
华雄,huaxiong,images/huaxiong.jpg,,（？－191年），东汉末年武将，董卓麾下将领，被孙坚斩杀。,1,7,1.5,7,0,7,0,7,0,7,0,7,0,7,0,7,0,7
李傕,lijue,images/lijue.jpg,稚然,（？－198年），北地郡（郡治富平县，今陕西省富平县人，汉末群雄，凉州军阀，继董卓之后的权臣，官至大司马、车骑将军、司隶校尉，爵位为池阳侯。性格勇猛诡诘，善于用兵，有辩才。在董卓被吕布、王允联合所杀之后，听从谋士贾诩“奉国家以正天下”之策，与同僚郭记、张济等人合作攻进长安，在击败吕布杀王允后，挟持汉献帝，专政四年，短暂地掌握了东汉王朝，挟天子以令诸侯。,1,7,3.5,7,5,7,0,7,0,7,0,7,0,7,0,7,0,7
郭汜,guosi,images/guosi.jpg,,（？－197年），凉州张掖（今甘肃张掖）人。东汉末年地方军阀。出身马贼，投靠董卓部下。董卓被杀后，凉州军众将归无所依。采用谋臣贾诩计策，联兵攻向长安，击败温侯吕布，杀死司徒王允，占领长安。挟持汉献帝，拜为扬烈将军。初平三年（192年），拜后将军，封为美阳侯。护送汉献帝东归洛阳，拜车骑将军。,1,7,3.5,7,5,7,0,7,0,7,0,7,0,7,0,7,0,7
吕布,lvbu,images/lvbu.jpg,奉先,（不晚于160年－199年2月7日），并州五原郡九原（今内蒙古自治区包头市九原区）人，东汉末年著名武将与军阀。先后为丁原、董卓的部将，也曾为袁绍效力，后乘刘备与袁术交战时而佔据徐州，自成一方势力。建安三年（公元198年12月，阳历为199年2月7日）在下邳被曹操击败并处死于白门楼。,10,14,1.5,7,1,14,0,14,0,14,0,14,0,14,0,14,0,14
高顺,gaoshun,images/gaoshun.jpg,,（？－199年2月7日），东汉末年吕布手下武将。吕布兵败后被处绞刑。,1,14,0.5,7,0.5,14,0,14,0,14,0,14,0,14,0,14,0,14
法正,fazheng,images/fazheng.jpg,孝直,（176年－220年），东汉司隶右扶风郿（今陕西眉县）人，三国时蜀汉重臣；代表作为定军山之战策划袭杀夏侯渊。刘备在世时，惟独法正有谥号，死后追谥为翼侯。,8,2,0.3,8,0.3,8,0.3,8,0.3,8,3,2,0,2,0,2,0,2
刘焉,liuyan,images/liuyan.jpg,君郎,（2世纪？－194年），江夏竟陵（今湖北省天门市）人，东汉末年割据军阀之一，官至阳城侯益州牧。他以州牧身份建立的割据势力为三国时代最早的一批，同时是持续时间较长的，直到214年其子刘璋向刘备投降才终结。,8,8,4,8,4,8,0,8,0,8,0,8,0,8,0,8,0,8
刘璋,liuzhang,images/liuzhang.jpg,季玉,（2世纪－220年），荆州江夏竟陵（今属湖北省天门市）人，东汉末年三国时代割据军阀之一。继父亲刘焉担任益州牧，振威将军，后为刘备所败投降，被迫离开益州，病逝於荆州。,10,8,0,8,0.5,8,4,8,4,8,0,8,0,8,0,8,0,8
刘循,liiuxun,images/liuxun.jpg,,（？－？），中国东汉末期、三国蜀汉人物，荆州江夏郡竟陵县人，刘璋之子，刘阐之兄。妻子是庞羲之女。,1,8,0,8,0,8,0,8,2,8,0,2,0,2,0,2,0,2
张任,zhangren,images/zhangren.jpg,,（？－214年），蜀郡人，为刘璋麾下大将。在庞统攻打雒城时，于落凤坡将其射杀身亡。后诸葛亮从荆州前来支援刘备，用计擒获张任，张任宁死不降，遂被处斩。,1,8,1,8,2,8,2,8,2,8,0,8,0,8,0,8,0,8
张鲁,zhanglu,images/zhanglu.jpg,公祺,（2世纪？－216年、245年或259年），沛国丰县（今属江苏丰县）人，东汉末五斗米道首领，正一天师，五斗米道创立者张陵（张道陵）之孙，张衡子，世为天师道教主。,10,9,2,8,3,9,3,9,3,9,3,9,0,1,0,1,0,1
吴懿,wuyi,images/wuyi.jpg,子远,（2世纪？－237年），兖州陈留郡长垣县人，一说济阳县（今河南开封）人，中国后汉末年及三国时代蜀汉将领。族父为何进之部将吴匡，族弟为同在蜀汉效命的吴班。为将名声常次于魏延。,1,2,0,8,0,8,0.8,8,0.8,8,0.6,2,1.8,2,0,2,0,2
公孙瓒,gongsunzan,images/gongsunzan.jpg,伯圭,（？－199年），东汉末期人物，幽州辽西令支人，曾任中郎将，封都亭侯，幽州刺史。建安四年（199年）被袁绍击败，先将其姊妹妻儿全部缢死，然后引火自焚，在公孙攒自焚时，袁绍士兵登上公孙攒所在高台并将其斩首。,10,10,2,10,4,10,0,10,0,10,0,10,0,10,0,10,0,10
袁术,yuanshu,images/yuanshu.jpeg,公路,（155年－199年），汝南郡汝阳县（今河南商水）人，出身于官宦门阀，袁逢之子，袁基、袁绍之弟。东汉末年的军阀，官至左将军。最初以南阳作为领地，其后立足淮南并僭号称帝，国号谥仲，却得不到支持，反遭诸侯们围攻，在位两年半屡次兵败，最终因悲愤吐血而死。,10,11,2,11,3,11,0,11,0,11,0,11,0,11,0,11,0,11
纪灵,jiling,images/jiling.jpg,,（2世纪－？），东汉末年人物，袁术部下。,1,11,1,11,1.5,11,0,11,0,11,0,11,0,11,0,11,0,11
张勋,zhangxun,images/zhangxun.jpg,,（？－？），东汉末年人物，袁术部下，袁术封为大将军。,1,11,1,11,1.5,11,0,11,0,11,0,11,0,11,0,11,0,11
桥蕤,qiaorui,images/qiaorui.jpg,,（2世纪？－197年），东汉末年人物，袁术部下，被袁术封为大将军。,1,11,1,11,0,11,0,11,0,11,0,11,0,11,0,11,0,11
刘勋,liuxun,images/liuxun2.jpg,子台,琅邪郡人，东汉末年人物，军阀，曾任庐江（今安徽庐江县）太守。,1,11,1,11,1.5,11,0,1,0,1,0,1,0,1,0,1,0,1
张郃,zhanghe,images/zhanghe.jpg,儁乂,（2世纪？－231年），冀州河间国鄚（今中国河北省任丘市）人，三国时期曹魏名将，五子良将中唯一望族出身的将领为张耳之后裔。官至征西车骑将军，封鄚侯；死后，追封谥曰壮侯。以“临场巧变”见称，先随韩馥，后随袁绍。在官渡之战时遭到谋士郭图的诬陷，所以转投曹操。在曹魏帐下常立功勋，后期抵御蜀国的表现出色，多次抵御诸葛亮北伐；蜀国上至刘备、诸葛亮，下至诸将都对其忌惮三分。,4,1,0.3,12,0.6,4,2,4,2,1,2,1,8,1,0,1,0,1
沮授,jushou,images/jushou.jpg,,（？－200年），冀州巨鹿广平人，五帝时黄帝的史官沮诵之后，原为韩馥麾下谋士，袁绍破冀州后成为其重要谋臣，沮授监统内外、威震三军，帮助袁绍夺取青、并、幽三州而统一河北。袁绍入主冀州前，曾多次对韩馥提出抗袁良策，但不被采纳。沮授曾对袁绍提出奉迎天子，反对诸子分立，提出三年疲曹的战略，但不被采纳。官渡之战中，沮授提出缓进战术，但不被采纳。官渡战败后被曹军俘虏，曹操多次向其招降，但均被拒绝。最后密谋逃脱事败而被处决。,8,4,2,12,3,4,2,4,0,1,0,4,0,4,0,4,0,4
田丰,tianfeng,images/tianfeng.jpg,元皓,（？－200年），巨鹿（今河北巨鹿县一带）人。东汉末年为袁绍下的军师谋臣，计破公孙瓒，平定河北，官至冀州别驾。为人刚直犯上，曾多次向袁绍进言而不被采纳，后在官渡之战时极力柬阻袁绍征伐曹操，被袁绍下令监禁。官渡之战战败，袁绍对不听田丰之言一事羞愧，此时逄纪在袁绍面前发放谗言使田丰被处死。,8,4,2,12,3,4,0.5,4,0,1,0,4,0,4,0,4,0,4
审配,shenpei,images/shenpei.jpg,正南,（？－204年8月 ），魏郡阴安人，东汉末期人物。性刚正但才能有限。,1,4,0.5,12,0.6,4,2,4,0,1,0,4,0,4,0,4,0,4
郭图,gout,images/guotu.jpg,公则,（？－205年），颍川人，东汉末期人物。,4,4,1,12,1.2,4,2,4,0,4,0,4,0,4,0,4,0,4
韩馥,hanfu,images/hanfu.jpg,文节,（？－約192年），颍川郡（今河南省）人，东汉末年军阀。韩馥为袁氏故吏，担任过御史中丞。中平六年（公元189年），董卓任命时任尚书的韩馥为冀州牧。,10,12,4,12,0,12,0,12,0,12,0,12,0,12,0,12,0,12
士燮,shixie,images/shixie.jpg,威彦,（137年－226年），字威彦，汉末三国初期割据交州的军阀。,10,13,2,13,4,13,4,13,4,13,0,3,0,3,0,3,0,3
司马伷,simazhou,images/simazhou.jpg,子将,（227年－283年6月12日），三国时期魏国至西晋的将领，司马懿第四子，母伏夫人，是司马师、司马昭、司马干之异母兄弟，司马亮、司马骏之同母兄弟，晋元帝司马睿之祖父，妻子是诸葛诞之女（诸葛太妃），封琅邪王，任镇东大将军，谥武王。,4,15,0,15,0,15,0,15,0,15,0,15,0,15,5,1,15.5,15
司马衷,simazhong,images/simazhong.jpg,正度,（259年2月13日－307年1月8日），是晋武帝司马炎的次子，西晋的第二位皇帝，290年至307年在位，其正式谥号为「孝惠皇帝」，后世省略「孝」字称「晋惠帝」。在他的统治期间发生八王之乱，西晋走向崩溃。,4,15,0,15,0,15,0,15,0,15,0,15,0,15,0.3,1,2,15